<?xml version="1.0" encoding="UTF-8"?>
<metadata xml:lang="en"><Esri><CreaDate>20190118</CreaDate><CreaTime>16230000</CreaTime><ArcGISFormat>1.0</ArcGISFormat><SyncOnce>TRUE</SyncOnce><DataProperties><lineage><Process ToolSource="c:\program files (x86)\arcgis\desktop10.5\ArcToolbox\Toolboxes\Spatial Analyst Tools.tbx\RasterCalculator" Date="20190118" Time="162300">RasterCalculator ("NDVI13081V1.tif"-"NDVI15YearVidharbhaMin.tif")/"NDVI15YearVidharbhaMax_Min.tif" D:\Disaster\DroughtVidharba\VCI\VCI13081.tif</Process></lineage></DataProperties></Esri></metadata>
