<metadata xml:lang="en"><Esri><CreaDate>20191031</CreaDate><CreaTime>17111300</CreaTime><ArcGISFormat>1.0</ArcGISFormat><SyncOnce>FALSE</SyncOnce><DataProperties><itemProps><itemName Sync="TRUE">Busstop</itemName><imsContentType Sync="TRUE">002</imsContentType><itemLocation><linkage Sync="TRUE">file://\\URBANOBSERVATOR\C$\ProjectSolutions\Data\PuneOpenData\Transportation\Busstop.shp</linkage><protocol Sync="TRUE">Local Area Network</protocol></itemLocation><itemSize Sync="TRUE">0.000</itemSize></itemProps><coordRef><type Sync="TRUE">Projected</type><geogcsn Sync="TRUE">GCS_WGS_1984</geogcsn><csUnits Sync="TRUE">Linear Unit: Meter (1.000000)</csUnits><projcsn Sync="TRUE">WGS_1984_Web_Mercator_Auxiliary_Sphere</projcsn><peXml Sync="TRUE">&lt;ProjectedCoordinateSystem xsi:type='typens:ProjectedCoordinateSystem' xmlns:xsi='http://www.w3.org/2001/XMLSchema-instance' xmlns:xs='http://www.w3.org/2001/XMLSchema' xmlns:typens='http://www.esri.com/schemas/ArcGIS/10.6'&gt;&lt;WKT&gt;PROJCS[&amp;quot;WGS_1984_Web_Mercator_Auxiliary_Sphere&amp;quot;,GEOGCS[&amp;quot;GCS_WGS_1984&amp;quot;,DATUM[&amp;quot;D_WGS_1984&amp;quot;,SPHEROID[&amp;quot;WGS_1984&amp;quot;,6378137.0,298.257223563]],PRIMEM[&amp;quot;Greenwich&amp;quot;,0.0],UNIT[&amp;quot;Degree&amp;quot;,0.0174532925199433]],PROJECTION[&amp;quot;Mercator_Auxiliary_Sphere&amp;quot;],PARAMETER[&amp;quot;False_Easting&amp;quot;,0.0],PARAMETER[&amp;quot;False_Northing&amp;quot;,0.0],PARAMETER[&amp;quot;Central_Meridian&amp;quot;,0.0],PARAMETER[&amp;quot;Standard_Parallel_1&amp;quot;,0.0],PARAMETER[&amp;quot;Auxiliary_Sphere_Type&amp;quot;,0.0],UNIT[&amp;quot;Meter&amp;quot;,1.0],AUTHORITY[&amp;quot;EPSG&amp;quot;,3857]]&lt;/WKT&gt;&lt;XOrigin&gt;-20037700&lt;/XOrigin&gt;&lt;YOrigin&gt;-30241100&lt;/YOrigin&gt;&lt;XYScale&gt;148923141.92838538&lt;/XYScale&gt;&lt;ZOrigin&gt;-100000&lt;/ZOrigin&gt;&lt;ZScale&gt;10000&lt;/ZScale&gt;&lt;MOrigin&gt;-100000&lt;/MOrigin&gt;&lt;MScale&gt;10000&lt;/MScale&gt;&lt;XYTolerance&gt;0.001&lt;/XYTolerance&gt;&lt;ZTolerance&gt;0.001&lt;/ZTolerance&gt;&lt;MTolerance&gt;0.001&lt;/MTolerance&gt;&lt;HighPrecision&gt;true&lt;/HighPrecision&gt;&lt;WKID&gt;102100&lt;/WKID&gt;&lt;LatestWKID&gt;3857&lt;/LatestWKID&gt;&lt;/ProjectedCoordinateSystem&gt;</peXml></coordRef><lineage><Process ToolSource="c:\program files (x86)\arcgis\desktop10.5\ArcToolbox\Toolboxes\Data Management Tools.tbx\CopyFeatures" Date="20190522" Time="150851">CopyFeatures "D:\Anuj\Open Data\Pune_opendata_PMC\GIS Datasets_processed\opendata.punecorporation.gdb\Bus_Depot" "D:\Anuj\Open Data\Pune_opendata_PMC\GIS Datasets_processed\opendata.punecorporation.gdb\Pune_GIS_Data\Bus_Depot_1" # 0 0 0</Process><Process ToolSource="c:\program files (x86)\arcgis\desktop10.5\ArcToolbox\Toolboxes\Conversion Tools.tbx\FeatureClassToFeatureClass" Date="20190523" Time="125328">FeatureClassToFeatureClass "D:\Anuj\Open Data\Pune_opendata_PMC\GIS Datasets_processed\opendata.punecorporation.gdb\Pune_GIS_Data\Bus_Depot_1" "D:\Anuj\Open Data\Pune_opendata_PMC\GIS Datasets_processed\opendata.punecorporation.gdb\Final_pune_data" Transportation_Hubs # "Name "Name" true true false 8000 Text 0 0 ,First,#,D:\Anuj\Open Data\Pune_opendata_PMC\GIS Datasets_processed\opendata.punecorporation.gdb\Pune_GIS_Data\Bus_Depot_1,Name,-1,-1;Address "Address" true true false 8000 Text 0 0 ,First,#,D:\Anuj\Open Data\Pune_opendata_PMC\GIS Datasets_processed\opendata.punecorporation.gdb\Pune_GIS_Data\Bus_Depot_1,Address,-1,-1;Class "Class" true true false 8000 Text 0 0 ,First,#,D:\Anuj\Open Data\Pune_opendata_PMC\GIS Datasets_processed\opendata.punecorporation.gdb\Pune_GIS_Data\Bus_Depot_1,Class,-1,-1" #</Process><Process ToolSource="c:\program files (x86)\arcgis\desktop10.5\ArcToolbox\Toolboxes\Data Management Tools.tbx\CalculateField" Date="20190523" Time="125355">CalculateField Transportation_Hubs Class "Bus Depot" VB #</Process><Process ToolSource="c:\program files (x86)\arcgis\desktop10.5\ArcToolbox\Toolboxes\Data Management Tools.tbx\Merge" Date="20191031" Time="171718">Merge BusDepots;TrafficSignal;BusStops "D:\Anuj\Ruma Madam\4. Pune Hub\PuneBusStop.gdb\Pune_Transport" "Category "Class" true true false 8000 Text 0 0 ,First,#,BusDepots,Class,-1,-1,TrafficSignal,Class,-1,-1;Name "Name" true true false 8000 Text 0 0 ,First,#,BusDepots,Name,-1,-1,TrafficSignal,Name,-1,-1;Name_in_Marathi "Name_in_Marathi" true true false 255 Text 0 0 ,First,#,BusStops,Bus_Stop_Name_Marathi,-1,-1;Address "Address" true true false 8000 Text 0 0 ,First,#,BusDepots,Address,-1,-1,TrafficSignal,Address,-1,-1;Bus_Stop_Name "Bus_Stop_Name" true true false 255 Text 0 0 ,First,#,BusStops,Bus_Stop_Name,-1,-1"</Process><Process ToolSource="c:\program files (x86)\arcgis\desktop10.5\ArcToolbox\Toolboxes\Data Management Tools.tbx\CalculateField" Date="20191031" Time="171808">CalculateField Pune_Transport Category "Bus Stop" VB #</Process><Process ToolSource="c:\program files (x86)\arcgis\desktop10.5\ArcToolbox\Toolboxes\Data Management Tools.tbx\CalculateField" Date="20191031" Time="171823">CalculateField Pune_Transport Name [Bus_Stop_Name] VB #</Process><Process ToolSource="c:\program files (x86)\arcgis\desktop10.6\ArcToolbox\Toolboxes\Conversion Tools.tbx\FeatureClassToFeatureClass" Date="20191105" Time="114330">FeatureClassToFeatureClass Pune_Transport "Database Connections\mohuadb@postgres@localhost.sde\mohuadb.sde.PuneCityOpenData" Transportation_Hubs2 # "Category "Class" true true false 8000 Text 0 0 ,First,#,Pune_Transport,Category,-1,-1;Name "Name" true true false 8000 Text 0 0 ,First,#,Pune_Transport,Name,-1,-1;Name_in_Marathi "Name_in_Marathi" true true false 255 Text 0 0 ,First,#,Pune_Transport,Name_in_Marathi,-1,-1;Address "Address" true true false 8000 Text 0 0 ,First,#,Pune_Transport,Address,-1,-1" #</Process><Process ToolSource="c:\program files (x86)\arcgis\desktop10.6\ArcToolbox\Toolboxes\Conversion Tools.tbx\FeatureClassToFeatureClass" Date="20200820" Time="133355">FeatureClassToFeatureClass "Database Connections\mohuadb@postgres@localhost.sde\mohuadb.sde.PuneCityOpenData\mohuadb.sde.Transportation_Hubs" C:\ProjectSolutions\Data\PuneOpenData\Transportation Busstop.shp # "category "Class" true true false 8000 Text 0 0 ,First,#,Database Connections\mohuadb@postgres@localhost.sde\mohuadb.sde.PuneCityOpenData\mohuadb.sde.Transportation_Hubs,category,-1,-1;name "Name" true true false 8000 Text 0 0 ,First,#,Database Connections\mohuadb@postgres@localhost.sde\mohuadb.sde.PuneCityOpenData\mohuadb.sde.Transportation_Hubs,name,-1,-1;name_in_ma "name_in_ma" true true false 255 Text 0 0 ,First,#,Database Connections\mohuadb@postgres@localhost.sde\mohuadb.sde.PuneCityOpenData\mohuadb.sde.Transportation_Hubs,name_in_marathi,-1,-1;address "Address" true true false 8000 Text 0 0 ,First,#,Database Connections\mohuadb@postgres@localhost.sde\mohuadb.sde.PuneCityOpenData\mohuadb.sde.Transportation_Hubs,address,-1,-1" #</Process></lineage></DataProperties><SyncDate>20200820</SyncDate><SyncTime>13335500</SyncTime><ModDate>20200820</ModDate><ModTime>13335500</ModTime></Esri><dataIdInfo><envirDesc Sync="TRUE"> Version 6.2 (Build 9200) ; Esri ArcGIS 10.6.1.9270</envirDesc><dataLang><languageCode value="eng" Sync="TRUE"></languageCode><countryCode value="USA" Sync="TRUE"></countryCode></dataLang><idCitation><resTitle Sync="TRUE">Busstop</resTitle><presForm><PresFormCd value="005" Sync="TRUE"></PresFormCd></presForm></idCitation><spatRpType><SpatRepTypCd value="001" Sync="TRUE"></SpatRepTypCd></spatRpType></dataIdInfo><mdLang><languageCode value="eng" Sync="TRUE"></languageCode><countryCode value="USA" Sync="TRUE"></countryCode></mdLang><distInfo><distFormat><formatName Sync="TRUE">Shapefile</formatName></distFormat><distTranOps><transSize Sync="TRUE">0.000</transSize></distTranOps></distInfo><mdHrLv><ScopeCd value="005" Sync="TRUE"></ScopeCd></mdHrLv><mdHrLvName Sync="TRUE">dataset</mdHrLvName><refSysInfo><RefSystem><refSysID><identCode code="3857" Sync="TRUE"></identCode><idCodeSpace Sync="TRUE">EPSG</idCodeSpace><idVersion Sync="TRUE">8.8(9.3.1.2)</idVersion></refSysID></RefSystem></refSysInfo><spatRepInfo><VectSpatRep><geometObjs Name="Busstop"><geoObjTyp><GeoObjTypCd value="004" Sync="TRUE"></GeoObjTypCd></geoObjTyp><geoObjCnt Sync="TRUE">0</geoObjCnt></geometObjs><topLvl><TopoLevCd value="001" Sync="TRUE"></TopoLevCd></topLvl></VectSpatRep></spatRepInfo><spdoinfo><ptvctinf><esriterm Name="Busstop"><efeatyp Sync="TRUE">Simple</efeatyp><efeageom code="1" Sync="TRUE"></efeageom><esritopo Sync="TRUE">FALSE</esritopo><efeacnt Sync="TRUE">0</efeacnt><spindex Sync="TRUE">FALSE</spindex><linrefer Sync="TRUE">FALSE</linrefer></esriterm></ptvctinf></spdoinfo><eainfo><detailed Name="Busstop"><enttyp><enttypl Sync="TRUE">Busstop</enttypl><enttypt Sync="TRUE">Feature Class</enttypt><enttypc Sync="TRUE">0</enttypc></enttyp><attr><attrlabl Sync="TRUE">FID</attrlabl><attalias Sync="TRUE">FID</attalias><attrtype Sync="TRUE">OID</attrtype><attwidth Sync="TRUE">4</attwidth><atprecis Sync="TRUE">0</atprecis><attscale Sync="TRUE">0</attscale><attrdef Sync="TRUE">Internal feature number.</attrdef><attrdefs Sync="TRUE">Esri</attrdefs><attrdomv><udom Sync="TRUE">Sequential unique whole numbers that are automatically generated.</udom></attrdomv></attr><attr><attrlabl Sync="TRUE">Shape</attrlabl><attalias Sync="TRUE">Shape</attalias><attrtype Sync="TRUE">Geometry</attrtype><attwidth Sync="TRUE">0</attwidth><atprecis Sync="TRUE">0</atprecis><attscale Sync="TRUE">0</attscale><attrdef Sync="TRUE">Feature geometry.</attrdef><attrdefs Sync="TRUE">Esri</attrdefs><attrdomv><udom Sync="TRUE">Coordinates defining the features.</udom></attrdomv></attr><attr><attrlabl Sync="TRUE">Category</attrlabl><attalias Sync="TRUE">category</attalias><attrtype Sync="TRUE">String</attrtype><attwidth Sync="TRUE">254</attwidth><atprecis Sync="TRUE">0</atprecis><attscale Sync="TRUE">0</attscale></attr><attr><attrlabl Sync="TRUE">Name</attrlabl><attalias Sync="TRUE">name</attalias><attrtype Sync="TRUE">String</attrtype><attwidth Sync="TRUE">254</attwidth><atprecis Sync="TRUE">0</atprecis><attscale Sync="TRUE">0</attscale></attr><attr><attrlabl Sync="TRUE">name_in_ma</attrlabl><attalias Sync="TRUE">name_in_ma</attalias><attrtype Sync="TRUE">String</attrtype><attwidth Sync="TRUE">254</attwidth><atprecis Sync="TRUE">0</atprecis><attscale Sync="TRUE">0</attscale></attr><attr><attrlabl Sync="TRUE">Address</attrlabl><attalias Sync="TRUE">address</attalias><attrtype Sync="TRUE">String</attrtype><attwidth Sync="TRUE">254</attwidth><atprecis Sync="TRUE">0</atprecis><attscale Sync="TRUE">0</attscale></attr></detailed></eainfo><mdDateSt Sync="TRUE">20200820</mdDateSt></metadata>
